{
    "GyroBias": [
        -0.5280063744570012,
        -0.016028479595831046,
        0.05044636711875577
    ],
    "MagBias": [
        57.36178795,
        25.55106974,
        11.52467753
    ],
    "AccelBias": [
        0.18035880846637528,
        0.2837660376483186,
        -0.3572755838048873
    ],
    "Mags": [
        1.0,
        1.0,
        1.0
    ],
    "Accels": [
        1.0108212708815918,
        1.013424178366367,
        1.0001608559612702
    ],
    "Magtransform": [[0.93603014, 0.0234026,  0.0077474 ],
    [0.0234026,  1.18364932, 0.03710876],
    [0.0077474,  0.03710876, 0.9042453 ]]
}